{
  "n_languages": 28,
  "languages": {
    "Ancient_Greek": {
      "family": "IE-Hellenic",
      "era": "ancient",
      "region": "Mediterranean",
      "morph_type": "fusional",
      "n_classified": 2352,
      "op_pcts": {
        "NUL": 5.059523809523809,
        "DES": 5.442176870748299,
        "INS": 50.042517006802726,
        "SEG": 8.20578231292517,
        "CON": 12.414965986394558,
        "SYN": 2.5510204081632653,
        "ALT": 14.625850340136054,
        "SUP": 0.6377551020408163,
        "REC": 1.0204081632653061
      },
      "triad_pcts": {
        "Existence": 60.544217687074834,
        "Structure": 23.171768707482993,
        "Interpretation": 16.284013605442176
      }
    },
    "Arabic": {
      "family": "Afro-Asiatic",
      "era": "modern",
      "region": "Middle East",
      "morph_type": "fusional",
      "n_classified": 1048,
      "op_pcts": {
        "NUL": 7.15648854961832,
        "DES": 8.68320610687023,
        "INS": 34.82824427480916,
        "SEG": 6.202290076335878,
        "CON": 18.51145038167939,
        "SYN": 3.0534351145038165,
        "ALT": 17.84351145038168,
        "SUP": 1.049618320610687,
        "REC": 2.6717557251908395
      },
      "triad_pcts": {
        "Existence": 50.66793893129771,
        "Structure": 27.767175572519083,
        "Interpretation": 21.564885496183205
      }
    },
    "Basque": {
      "family": "Isolate",
      "era": "modern",
      "region": "Western Europe",
      "morph_type": "agglutinative",
      "n_classified": 667,
      "op_pcts": {
        "NUL": 8.995502248875562,
        "DES": 8.695652173913043,
        "INS": 35.98200899550225,
        "SEG": 5.847076461769116,
        "CON": 9.89505247376312,
        "SYN": 2.998500749625187,
        "ALT": 25.63718140929535,
        "SUP": 0.0,
        "REC": 1.9490254872563717
      },
      "triad_pcts": {
        "Existence": 53.673163418290855,
        "Structure": 18.740629685157423,
        "Interpretation": 27.586206896551722
      }
    },
    "Classical_Chinese": {
      "family": "Sino-Tibetan",
      "era": "ancient",
      "region": "East Asia",
      "morph_type": "isolating",
      "n_classified": 2632,
      "op_pcts": {
        "NUL": 6.155015197568389,
        "DES": 9.992401215805472,
        "INS": 38.639817629179326,
        "SEG": 5.547112462006079,
        "CON": 13.297872340425531,
        "SYN": 2.8875379939209727,
        "ALT": 22.530395136778115,
        "SUP": 0.3799392097264438,
        "REC": 0.5699088145896657
      },
      "triad_pcts": {
        "Existence": 54.78723404255319,
        "Structure": 21.732522796352583,
        "Interpretation": 23.480243161094226
      }
    },
    "Coptic": {
      "family": "Afro-Asiatic",
      "era": "ancient",
      "region": "North Africa",
      "morph_type": "agglutinative",
      "n_classified": 440,
      "op_pcts": {
        "NUL": 5.227272727272727,
        "DES": 10.0,
        "INS": 52.27272727272727,
        "SEG": 7.045454545454545,
        "CON": 9.772727272727273,
        "SYN": 1.1363636363636365,
        "ALT": 11.59090909090909,
        "SUP": 0.45454545454545453,
        "REC": 2.5
      },
      "triad_pcts": {
        "Existence": 67.5,
        "Structure": 17.954545454545453,
        "Interpretation": 14.545454545454545
      }
    },
    "English": {
      "family": "IE-Germanic",
      "era": "modern",
      "region": "Global North",
      "morph_type": "fusional",
      "n_classified": 1194,
      "op_pcts": {
        "NUL": 6.78391959798995,
        "DES": 8.040201005025125,
        "INS": 41.038525963149084,
        "SEG": 6.197654941373535,
        "CON": 15.494137353433835,
        "SYN": 2.5963149078726966,
        "ALT": 17.33668341708543,
        "SUP": 1.0050251256281406,
        "REC": 1.507537688442211
      },
      "triad_pcts": {
        "Existence": 55.86264656616416,
        "Structure": 24.288107202680067,
        "Interpretation": 19.84924623115578
      }
    },
    "Finnish": {
      "family": "Uralic",
      "era": "modern",
      "region": "Global North",
      "morph_type": "agglutinative",
      "n_classified": 1421,
      "op_pcts": {
        "NUL": 7.459535538353272,
        "DES": 6.33356790992259,
        "INS": 42.57565095003519,
        "SEG": 5.629838142153413,
        "CON": 8.796622097114708,
        "SYN": 2.251935256861365,
        "ALT": 24.841660802251937,
        "SUP": 0.422237860661506,
        "REC": 1.688951442646024
      },
      "triad_pcts": {
        "Existence": 56.368754398311054,
        "Structure": 16.678395496129486,
        "Interpretation": 26.952850105559467
      }
    },
    "French": {
      "family": "IE-Romance",
      "era": "modern",
      "region": "Global North",
      "morph_type": "fusional",
      "n_classified": 1489,
      "op_pcts": {
        "NUL": 8.394895903290799,
        "DES": 8.797850906648758,
        "INS": 35.661517797179314,
        "SEG": 5.97716588314305,
        "CON": 14.439220953660175,
        "SYN": 3.895231699126931,
        "ALT": 19.744795164539962,
        "SUP": 0.33579583613163194,
        "REC": 2.7535258562793823
      },
      "triad_pcts": {
        "Existence": 52.85426460711887,
        "Structure": 24.311618535930155,
        "Interpretation": 22.834116856950978
      }
    },
    "German": {
      "family": "IE-Germanic",
      "era": "modern",
      "region": "Global North",
      "morph_type": "fusional",
      "n_classified": 1436,
      "op_pcts": {
        "NUL": 7.729805013927576,
        "DES": 11.002785515320335,
        "INS": 35.863509749303624,
        "SEG": 6.267409470752089,
        "CON": 18.454038997214482,
        "SYN": 2.9247910863509747,
        "ALT": 15.459610027855152,
        "SUP": 0.2785515320334262,
        "REC": 2.01949860724234
      },
      "triad_pcts": {
        "Existence": 54.59610027855153,
        "Structure": 27.646239554317546,
        "Interpretation": 17.75766016713092
      }
    },
    "Gothic": {
      "family": "IE-Germanic",
      "era": "ancient",
      "region": "Northern Europe",
      "morph_type": "fusional",
      "n_classified": 673,
      "op_pcts": {
        "NUL": 8.469539375928678,
        "DES": 6.983655274888559,
        "INS": 46.50817236255572,
        "SEG": 12.63001485884101,
        "CON": 10.698365527488855,
        "SYN": 3.4175334323922733,
        "ALT": 9.658246656760774,
        "SUP": 0.44576523031203563,
        "REC": 1.188707280832095
      },
      "triad_pcts": {
        "Existence": 61.96136701337296,
        "Structure": 26.745913818722137,
        "Interpretation": 11.292719167904904
      }
    },
    "Hindi": {
      "family": "IE-Indo-Aryan",
      "era": "modern",
      "region": "South Asia",
      "morph_type": "fusional",
      "n_classified": 424,
      "op_pcts": {
        "NUL": 10.849056603773585,
        "DES": 5.660377358490567,
        "INS": 41.9811320754717,
        "SEG": 9.90566037735849,
        "CON": 9.669811320754718,
        "SYN": 2.358490566037736,
        "ALT": 17.452830188679243,
        "SUP": 0.2358490566037736,
        "REC": 1.8867924528301887
      },
      "triad_pcts": {
        "Existence": 58.49056603773585,
        "Structure": 21.933962264150946,
        "Interpretation": 19.575471698113205
      }
    },
    "Indonesian": {
      "family": "Austronesian",
      "era": "modern",
      "region": "Southeast Asia",
      "morph_type": "agglutinative",
      "n_classified": 885,
      "op_pcts": {
        "NUL": 5.536723163841808,
        "DES": 12.54237288135593,
        "INS": 38.30508474576271,
        "SEG": 4.858757062146893,
        "CON": 18.757062146892657,
        "SYN": 2.824858757062147,
        "ALT": 15.932203389830507,
        "SUP": 0.11299435028248588,
        "REC": 1.1299435028248588
      },
      "triad_pcts": {
        "Existence": 56.38418079096045,
        "Structure": 26.440677966101696,
        "Interpretation": 17.17514124293785
      }
    },