{
  "global_mean_pull": {
    "NUL": 0.501775763378439,
    "DES": 0.4953644203484476,
    "INS": 0.5955877366366159,
    "SEG": 0.4878340835867423,
    "CON": 0.509029371706138,
    "SYN": 0.5015892715946518,
    "ALT": 0.5111331453332799,
    "SUP": 0.4441622833827682,
    "REC": 0.4881976121148727
  },
  "excess_matrix": {
    "NUL": {
      "NUL": 0.18546852915804257,
      "DES": -0.02927373706513603,
      "INS": -0.07926463159481101,
      "SEG": -0.013082182420772748,
      "CON": -0.05292650585929898,
      "SYN": -0.03998842047998524,
      "ALT": -0.002615929123668259,
      "SUP": -0.015657323769133757,
      "REC": -0.03672775164119235
    },
    "DES": {
      "NUL": -0.038922438908220336,
      "DES": 0.1871064310436012,
      "INS": -0.07108908706549211,
      "SEG": -0.005243841321473042,
      "CON": -0.0028713514844112,
      "SYN": -0.02912406397030115,
      "ALT": 0.005111283016181578,
      "SUP": -0.018101038947435644,
      "REC": -0.01133030459337303
    },
    "INS": {
      "NUL": -0.023614294952219728,
      "DES": -0.006234279333476422,
      "INS": 0.040862069509718046,
      "SEG": -0.01233811766265741,
      "CON": -0.006596887040007604,
      "SYN": -0.006052863247637763,
      "ALT": -0.008893726119024947,
      "SUP": 0.004456258051426409,
      "REC": -0.009126683862407892
    },
    "SEG": {
      "NUL": -0.019809935702334858,
      "DES": -0.002014451030863451,
      "INS": -0.07434099343140566,
      "SEG": 0.20985298935970365,
      "CON": -0.015944436052854505,
      "SYN": 0.02209486934249727,
      "ALT": -0.023395065802289672,
      "SUP": -0.014232044467868576,
      "REC": 0.0009477586839517493
    },
    "CON": {
      "NUL": -0.05648081759864226,
      "DES": 0.002255917873258073,
      "INS": -0.06591251268583154,
      "SEG": -0.013638871262535546,
      "CON": 0.1619298196702197,
      "SYN": 0.034962699280819964,
      "ALT": -0.02111644742137464,
      "SUP": 0.01226132746837505,
      "REC": 0.012360918367453733
    },
    "SYN": {
      "NUL": -0.032309386054365785,
      "DES": -0.011487664455874513,
      "INS": -0.05138534605205847,
      "SEG": 0.036801545370455324,
      "CON": 0.04991002648627896,
      "SYN": 0.19736543738811219,
      "ALT": 0.01811821661383861,
      "SUP": 0.011807612701638548,
      "REC": 0.045876939073352496
    },
    "ALT": {
      "NUL": 0.0013125811021162948,
      "DES": 0.018940888010559098,
      "INS": -0.05905481639771304,
      "SEG": -0.012525426604559353,
      "CON": -0.012477630055115707,
      "SYN": 0.013239353331521708,
      "ALT": 0.168774205666135,
      "SUP": -0.001985880148022201,
      "REC": 0.030357255309081344
    },
    "SUP": {
      "NUL": -0.020818893201259736,
      "DES": -0.013805595619984956,
      "INS": -0.05186877095789888,
      "SEG": -0.01250023964503777,
      "CON": 0.015697635285569445,
      "SYN": 0.001619910755800591,
      "ALT": -0.009475717104107773,
      "SUP": 0.3272053671073947,
      "REC": -0.037497873951730876
    },
    "REC": {
      "NUL": -0.03596775460045065,
      "DES": 8.893365913026363e-05,
      "INS": -0.061853589611046256,
      "SEG": 0.00929205850444026,
      "CON": 0.019961393720130505,
      "SYN": 0.04021469389842114,
      "ALT": 0.02966389812903214,
      "SUP": -0.029862015181008172,
      "REC": 0.22087274544812036
    }
  },
  "pull_predicts_alternative": {
    "overall": "602/1386 (43.4%)",
    "per_operator": {
      "NUL": "56/125",
      "DES": "41/70",
      "INS": "314/740",
      "SEG": "17/65",
      "CON": "74/148",
      "SYN": "13/46",
      "ALT": "46/98",
      "SUP": "5/7",
      "REC": "36/87"
    }
  }
}