{
  "method": {
    "n_permutations": 1000,
    "n_matched_trials": 30,
    "n_perm_per_matched": 100,
    "min_group_size": 5,
    "embedding_model": "TF-IDF + SVD(384d)",
    "embedding_dim": 384,
    "n_verbs": 11933,
    "correction": "Benjamini-Hochberg FDR"
  },
  "results": {
    "EO operators": {
      "n_groups": 9,
      "group_sizes": {
        "0": 1467,
        "1": 448,
        "2": 7528,
        "3": 555,
        "4": 745,
        "5": 284,
        "6": 474,
        "7": 19,
        "8": 413
      },
      "eta_sq": 0.004964681068759315,
      "eta_sq_null_mean": 0.0006717122619952163,
      "eta_sq_null_std": 2.5653823000365072e-05,
      "z_eta": 167.3422634397613,
      "p_eta": 0.001,
      "mean_sim": 0.35093181312645205,
      "sim_null_mean": 0.6659139909909564,
      "sim_null_std": 0.01652697898199364,
      "z_sim": -19.058666330227776,
      "p_sim": 0.001,
      "p_eta_adjusted": 0.001,
      "significant_bh": true
    },
    "EO triads": {
      "n_groups": 3,
      "group_sizes": {
        "0": 9443,
        "1": 1584,
        "2": 906
      },
      "eta_sq": 0.0015218038728688208,
      "eta_sq_null_mean": 0.00016778479838425327,
      "eta_sq_null_std": 1.0332219970489979e-05,
      "z_eta": 131.04822374589423,
      "p_eta": 0.001,
      "mean_sim": 0.591823829189824,
      "sim_null_mean": 0.9072285834054508,
      "sim_null_std": 0.006433259072873393,
      "z_sim": -49.02721165786229,
      "p_sim": 0.001,
      "p_eta_adjusted": 0.001,
      "significant_bh": true
    },
    "Scale": {
      "n_groups": 4,
      "group_sizes": {
        "0": 6511,
        "1": 2406,
        "2": 1240,
        "3": 1776
      },
      "eta_sq": 0.0022831472443498833,
      "eta_sq_null_mean": 0.00025256953449250176,
      "eta_sq_null_std": 1.3079596261244427e-05,
      "z_eta": 155.24773619152882,
      "p_eta": 0.001,
      "mean_sim": 0.5683579603786819,
      "sim_null_mean": 0.9242288465682794,
      "sim_null_std": 0.004199108009550843,
      "z_sim": -84.74916229355654,
      "p_sim": 0.001,
      "p_eta_adjusted": 0.001,
      "significant_bh": true
    },
    "Morphological": {
      "n_groups": 15,
      "group_sizes": {
        "0": 488,
        "1": 399,
        "2": 169,
        "3": 177,
        "4": 110,
        "5": 58,
        "6": 68,
        "7": 81,
        "8": 47,
        "9": 33,
        "10": 489,
        "11": 429,
        "12": 106,
        "13": 613,
        "14": 8666
      },
      "eta_sq": 0.004507761025646784,
      "eta_sq_null_mean": 0.0011740795903786455,
      "eta_sq_null_std": 3.535753255496643e-05,
      "z_eta": 94.28490039811558,
      "p_eta": 0.001,
      "mean_sim": 0.28868963281052296,
      "sim_null_mean": 0.47922656756573556,
      "sim_null_std": 0.014180817154118546,
      "z_sim": -13.436245082666115,
      "p_sim": 0.001,
      "p_eta_adjusted": 0.001,
      "significant_bh": true
    },
    "Operator\u00d7Scale": {
      "n_groups": 34,
      "group_sizes": {
        "0": 147,
        "1": 121,
        "2": 4501,
        "3": 917,
        "4": 842,
        "5": 344,
        "6": 68,
        "7": 843,
        "8": 77,
        "9": 1267,
        "10": 182,
        "11": 372,
        "12": 251,
        "13": 37,
        "14": 216,
        "15": 148,
        "16": 40,
        "17": 123,
        "18": 71,
        "19": 54,
        "20": 20,
        "21": 232,
        "22": 402,
        "23": 37,
        "24": 229,
        "25": 70,
        "26": 87,
        "27": 8,
        "28": 51,
        "29": 11,
        "30": 134,
        "31": 12,
        "32": 9,
        "33": 6
      },
      "eta_sq": 0.011443187010927459,
      "eta_sq_null_mean": 0.0027639875328521316,
      "eta_sq_null_std": 6.94912479964407e-05,
      "z_eta": 124.89629598420612,
      "p_eta": 0.001,
      "mean_sim": 0.2094597372469662,
      "sim_null_mean": 0.36721303989935816,
      "sim_null_std": 0.009801964942315323,
      "z_sim": -16.094048854568648,
      "p_sim": 0.001,
      "p_eta_adjusted": 0.001,
      "significant_bh": true
    },
    "WordNet lexicographer": {
      "n_groups": 15,
      "group_sizes": {
        "0": 1449,
        "1": 435,
        "2": 671,
        "3": 406,
        "4": 1635,
        "5": 1170,
        "6": 1652,
        "7": 648,
        "8": 221,
        "9": 1219,
        "10": 574,
        "11": 558,
        "12": 498,
        "13": 315,
        "14": 76
      },
      "eta_sq": 0.013758801726488237,
      "eta_sq_null_mean": 0.0012129876413458577,
      "eta_sq_null_std": 2.9002852427107438e-05,
      "z_eta": 432.5717312348377,
      "p_eta": 0.001,
      "mean_sim": 0.19980396379731719,
      "sim_null_mean": 0.7376811203701747,
      "sim_null_std": 0.008301756692832198,
      "z_sim": -64.79076374729999,
      "p_sim": 0.001,
      "p_eta_adjusted": 0.001,
      "significant_bh": true
    }
  },
  "high_confidence_results": {
    "EO operators": {
      "n_groups": 9,
      "group_sizes": {
        "0": 1354,
        "1": 380,
        "2": 6806,
        "3": 494,
        "4": 599,
        "5": 238,
        "6": 389,
        "7": 12,
        "8": 326
      },
      "eta_sq": 0.0055596687346826075,
      "eta_sq_null_mean": 0.0007539056814693572,
      "eta_sq_null_std": 3.178822750153025e-05,
      "z_eta": 151.18059202835093,
      "p_eta": 0.001,
      "mean_sim": 0.30152760697521797,
      "sim_null_mean": 0.6258360275399635,
      "sim_null_std": 0.016310597373855235,
      "z_sim": -19.883295083023114,
      "p_sim": 0.001
    },
    "EO triads": {
      "n_groups": 3,
      "group_sizes": {
        "0": 8540,
        "1": 1331,
        "2": 727
      },
      "eta_sq": 0.0016044918224185547,
      "eta_sq_null_mean": 0.00018853066881585967,
      "eta_sq_null_std": 1.1866540475641738e-05,
      "z_eta": 119.32383802248148,
      "p_eta": 0.001,
      "mean_sim": 0.5502769360525966,
      "sim_null_mean": 0.8882153836918787,
      "sim_null_std": 0.008012772794582958,
      "z_sim": -42.17496942728061,
      "p_sim": 0.001
    },
    "Scale": {
      "n_groups": 4,
      "group_sizes": {
        "0": 5963,
        "1": 2042,
        "2": 1077,
        "3": 1516
      },
      "eta_sq": 0.0024282040451670014,
      "eta_sq_null_mean": 0.0002824113508647127,
      "eta_sq_null_std": 1.351892679982306e-05,
      "z_eta": 158.72507678127036,
      "p_eta": 0.001,
      "mean_sim": 0.5368882186603119,
      "sim_null_mean": 0.9122366679131754,
      "sim_null_std": 0.0045605481741454595,
      "z_sim": -82.3033624292753,
      "p_sim": 0.001
    },
    "Morphological": {
      "n_groups": 15,
      "group_sizes": {
        "0": 413,
        "1": 367,
        "2": 155,
        "3": 157,
        "4": 90,
        "5": 42,
        "6": 56,
        "7": 61,
        "8": 40,
        "9": 25,
        "10": 420,
        "11": 367,
        "12": 93,
        "13": 542,
        "14": 7770
      },
      "eta_sq": 0.004450144931028666,
      "eta_sq_null_mean": 0.001320035669910441,
      "eta_sq_null_std": 4.1546862372686877e-05,
      "z_eta": 75.3392454294208,
      "p_eta": 0.001,
      "mean_sim": 0.2792836627897834,
      "sim_null_mean": 0.43792921480007146,
      "sim_null_std": 0.014149722323199257,
      "z_sim": -11.211919809209249,
      "p_sim": 0.001
    },
    "Operator\u00d7Scale": {
      "n_groups": 33,
      "group_sizes": {
        "0": 131,
        "1": 88,
        "2": 4196,
        "3": 823,
        "4": 784,
        "5": 315,
        "6": 57,
        "7": 710,
        "8": 72,
        "9": 1077,
        "10": 157,
        "11": 308,
        "12": 224,
        "13": 26,
        "14": 162,
        "15": 121,
        "16": 32,
        "17": 100,
        "18": 53,
        "19": 47,
        "20": 9,
        "21": 194,
        "22": 360,
        "23": 25,
        "24": 198,
        "25": 62,
        "26": 70,
        "27": 5,
        "28": 38,
        "29": 9,
        "30": 124,
        "31": 9,
        "33": 6
      },
      "eta_sq": 0.012791725047441057,